Workbook

Sheet Dashboard
A1: Food Delivery: KPI Dashboard
A2: Synthetic data, 300 orders, 14 days. Gap = result minus target. Inputs are on the Assumptions sheet.
A4: 1. Headline KPIs
A5: KPI | B5: Dataset result | C5: Business case baseline | D5: Target | E5: Gap to target
A6: Total orders | B6: =COUNTA(Data!$A$2:$A$301) -> 300
A7: Delivered orders | B7: =COUNTIF(Data!$F$2:$F$301,"Delivered") -> 267
A8: Cancelled orders | B8: =COUNTIF(Data!$F$2:$F$301,"Cancelled") -> 33
A9: Cancellation rate (G2) | B9: =B8/B6 -> 0.11 | C9: =Assumptions!B13 -> 0.11 | D9: =Assumptions!B10 -> 0.07 | E9: =B9-D9 -> 0.04
A10: Avg delivery time, min (G1) | B10: =AVERAGEIFS(Data!$N$2:$N$301,Data!$F$2:$F$301,"Delivered") -> 40.925094 | C10: =Assumptions!B12 -> 41 | D10: =Assumptions!B9 -> 34 | E10: =B10-D10 -> 6.9250936
A11: Avg customer rating (G3) | B11: =AVERAGE(Data!$O$2:$O$301) -> 4.0973783 | C11: =Assumptions!B14 -> 4.1 | D11: =Assumptions!B11 -> 4.4 | E11: =B11-D11 -> -0.30262172
A12: SLA breach rate (delivered orders) | B12: =COUNTIF(Data!$Q$2:$Q$301,"Yes")/B7 -> 0.30337079
A14: 2. Peak vs off-peak
A15: Metric | B15: Peak | C15: Off-peak | D15: Difference (peak - off-peak)
A16: Orders | B16: =COUNTIF(Data!$D$2:$D$301,B$15) -> 134 | C16: =COUNTIF(Data!$D$2:$D$301,C$15) -> 166 | D16: =B16-C16 -> -32
A17: Cancelled orders | B17: =COUNTIFS(Data!$D$2:$D$301,B$15,Data!$F$2:$F$301,"Cancelled") -> 21 | C17: =COUNTIFS(Data!$D$2:$D$301,C$15,Data!$F$2:$F$301,"Cancelled") -> 12 | D17: =B17-C17 -> 9
A18: Cancellation rate | B18: =IFERROR(B17/B16,0) -> 0.15671642 | C18: =IFERROR(C17/C16,0) -> 0.072289157 | D18: =B18-C18 -> 0.084427261
A19: Avg delivery time (min) | B19: =AVERAGEIFS(Data!$N$2:$N$301,Data!$D$2:$D$301,B$15,Data!$F$2:$F$301,"Delivered") -> 49.327434 | C19: =AVERAGEIFS(Data!$N$2:$N$301,Data!$D$2:$D$301,C$15,Data!$F$2:$F$301,"Delivered") -> 34.75974 | D19: =B19-C19 -> 14.567693
A20: Avg customer rating | B20: =AVERAGEIFS(Data!$O$2:$O$301,Data!$D$2:$D$301,B$15) -> 3.6460177 | C20: =AVERAGEIFS(Data!$O$2:$O$301,Data!$D$2:$D$301,C$15) -> 4.4285714 | D20: =B20-C20 -> -0.78255373
A21: SLA breach rate | B21: =IFERROR(COUNTIFS(Data!$D$2:$D$301,B$15,Data!$Q$2:$Q$301,"Yes")/COUNTIFS(Data!$D$2:$D$301,B$15,Data!$F$2:$F$301,"Delivered"),0) -> 0.60176991 | C21: =IFERROR(COUNTIFS(Data!$D$2:$D$301,C$15,Data!$Q$2:$Q$301,"Yes")/COUNTIFS(Data!$D$2:$D$301,C$15,Data!$F$2:$F$301,"Delivered"),0) -> 0.084415584 | D21: =B21-C21 -> 0.51735433
A24: 3. Average stage duration, delivered orders (min)
A25: Stage | B25: Peak | C25: Off-peak | D25: Difference | E25: Share of total difference | F25: Related bottleneck
A26: Confirmation | B26: =AVERAGEIFS(Data!$H$2:$H$301,Data!$D$2:$D$301,B$25,Data!$F$2:$F$301,"Delivered") -> 4.0265487 | C26: =AVERAGEIFS(Data!$H$2:$H$301,Data!$D$2:$D$301,C$25,Data!$F$2:$F$301,"Delivered") -> 1.8961039 | D26: =B26-C26 -> 2.1304448 | E26: =IFERROR(D26/D$32,0) -> 0.14624448 | F26: B1: no confirmation timer
A27: Preparation | B27: =AVERAGEIFS(Data!$I$2:$I$301,Data!$D$2:$D$301,B$25,Data!$F$2:$F$301,"Delivered") -> 15.115044 | C27: =AVERAGEIFS(Data!$I$2:$I$301,Data!$D$2:$D$301,C$25,Data!$F$2:$F$301,"Delivered") -> 12.584416 | D27: =B27-C27 -> 2.5306287 | E27: =IFERROR(D27/D$32,0) -> 0.17371512 | F27: Restaurant load at peak hours
A28: Courier assignment | B28: =AVERAGEIFS(Data!$J$2:$J$301,Data!$D$2:$D$301,B$25,Data!$F$2:$F$301,"Delivered") -> 7.0353982 | C28: =AVERAGEIFS(Data!$J$2:$J$301,Data!$D$2:$D$301,C$25,Data!$F$2:$F$301,"Delivered") -> 3.5454545 | D28: =B28-C28 -> 3.4899437 | E28: =IFERROR(D28/D$32,0) -> 0.23956735 | F28: B3: manual courier assignment
A29: Travel to restaurant | B29: =AVERAGEIFS(Data!$K$2:$K$301,Data!$D$2:$D$301,B$25,Data!$F$2:$F$301,"Delivered") -> 7.7168142 | C29: =AVERAGEIFS(Data!$K$2:$K$301,Data!$D$2:$D$301,C$25,Data!$F$2:$F$301,"Delivered") -> 6.038961 | D29: =B29-C29 -> 1.6778531 | E29: =IFERROR(D29/D$32,0) -> 0.11517631 | F29: Traffic and distance
A30: Wait at restaurant | B30: =AVERAGEIFS(Data!$L$2:$L$301,Data!$D$2:$D$301,B$25,Data!$F$2:$F$301,"Delivered") -> 5.1061947 | C30: =AVERAGEIFS(Data!$L$2:$L$301,Data!$D$2:$D$301,C$25,Data!$F$2:$F$301,"Delivered") -> 1.8311688 | D30: =B30-C30 -> 3.2750259 | E30: =IFERROR(D30/D$32,0) -> 0.2248143 | F30: B2: prep time not shared with couriers
A31: Travel to customer | B31: =AVERAGEIFS(Data!$M$2:$M$301,Data!$D$2:$D$301,B$25,Data!$F$2:$F$301,"Delivered") -> 10.327434 | C31: =AVERAGEIFS(Data!$M$2:$M$301,Data!$D$2:$D$301,C$25,Data!$F$2:$F$301,"Delivered") -> 8.8636364 | D31: =B31-C31 -> 1.4637973 | E31: =IFERROR(D31/D$32,0) -> 0.10048243 | F31: Traffic and distance
A32: Total delivery time | B32: =SUM(B26:B31) -> 49.327434 | C32: =SUM(C26:C31) -> 34.75974 | D32: =SUM(D26:D31) -> 14.567693 | E32: =SUM(E26:E31) -> 1
A35: 4. Cancellation reasons
A36: Reason | B36: Orders | C36: Share | D36: Related bottleneck
A37: Restaurant did not confirm | B37: =COUNTIF(Data!$G$2:$G$301,A37) -> 11 | C37: =IFERROR(B37/B$41,0) -> 0.33333333 | D37: B1: no confirmation timer
A38: Courier not assigned in time | B38: =COUNTIF(Data!$G$2:$G$301,A38) -> 10 | C38: =IFERROR(B38/B$41,0) -> 0.3030303 | D38: B3: manual courier assignment
A39: Customer cancelled: long wait | B39: =COUNTIF(Data!$G$2:$G$301,A39) -> 9 | C39: =IFERROR(B39/B$41,0) -> 0.27272727 | D39: B4: no status updates for customer
A40: Item unavailable | B40: =COUNTIF(Data!$G$2:$G$301,A40) -> 3 | C40: =IFERROR(B40/B$41,0) -> 0.090909091 | D40: Menu availability (US-06)
A41: Total | B41: =SUM(B37:B40) -> 33 | C41: =SUM(C37:C40) -> 1
A44: 5. Performance by order hour
A45: Order hour | B45: Orders | C45: Cancelled | D45: Cancellation rate | E45: Avg delivery time (min)
A46: 10 | B46: =COUNTIF(Data!$C$2:$C$301,A46) -> 13 | C46: =COUNTIFS(Data!$C$2:$C$301,A46,Data!$F$2:$F$301,"Cancelled") -> 2 | D46: =IFERROR(C46/B46,0) -> 0.15384615 | E46: =IFERROR(AVERAGEIFS(Data!$N$2:$N$301,Data!$C$2:$C$301,A46,Data!$F$2:$F$301,"Delivered"),0) -> 36
A47: 11 | B47: =COUNTIF(Data!$C$2:$C$301,A47) -> 18 | C47: =COUNTIFS(Data!$C$2:$C$301,A47,Data!$F$2:$F$301,"Cancelled") -> 0 | D47: =IFERROR(C47/B47,0) -> 0 | E47: =IFERROR(AVERAGEIFS(Data!$N$2:$N$301,Data!$C$2:$C$301,A47,Data!$F$2:$F$301,"Delivered"),0) -> 34.722222
A48: 12 | B48: =COUNTIF(Data!$C$2:$C$301,A48) -> 27 | C48: =COUNTIFS(Data!$C$2:$C$301,A48,Data!$F$2:$F$301,"Cancelled") -> 7 | D48: =IFERROR(C48/B48,0) -> 0.25925926 | E48: =IFERROR(AVERAGEIFS(Data!$N$2:$N$301,Data!$C$2:$C$301,A48,Data!$F$2:$F$301,"Delivered"),0) -> 49.7
A49: 13 | B49: =COUNTIF(Data!$C$2:$C$301,A49) -> 31 | C49: =COUNTIFS(Data!$C$2:$C$301,A49,Data!$F$2:$F$301,"Cancelled") -> 5 | D49: =IFERROR(C49/B49,0) -> 0.16129032 | E49: =IFERROR(AVERAGEIFS(Data!$N$2:$N$301,Data!$C$2:$C$301,A49,Data!$F$2:$F$301,"Delivered"),0) -> 49.884615
A50: 14 | B50: =COUNTIF(Data!$C$2:$C$301,A50) -> 32 | C50: =COUNTIFS(Data!$C$2:$C$301,A50,Data!$F$2:$F$301,"Cancelled") -> 1 | D50: =IFERROR(C50/B50,0) -> 0.03125 | E50: =IFERROR(AVERAGEIFS(Data!$N$2:$N$301,Data!$C$2:$C$301,A50,Data!$F$2:$F$301,"Delivered"),0) -> 36.580645
A51: 15 | B51: =COUNTIF(Data!$C$2:$C$301,A51) -> 16 | C51: =COUNTIFS(Data!$C$2:$C$301,A51,Data!$F$2:$F$301,"Cancelled") -> 1 | D51: =IFERROR(C51/B51,0) -> 0.0625 | E51: =IFERROR(AVERAGEIFS(Data!$N$2:$N$301,Data!$C$2:$C$301,A51,Data!$F$2:$F$301,"Delivered"),0) -> 34.4
A52: 16 | B52: =COUNTIF(Data!$C$2:$C$301,A52) -> 12 | C52: =COUNTIFS(Data!$C$2:$C$301,A52,Data!$F$2:$F$301,"Cancelled") -> 3 | D52: =IFERROR(C52/B52,0) -> 0.25 | E52: =IFERROR(AVERAGEIFS(Data!$N$2:$N$301,Data!$C$2:$C$301,A52,Data!$F$2:$F$301,"Delivered"),0) -> 27.888889
A53: 17 | B53: =COUNTIF(Data!$C$2:$C$301,A53) -> 24 | C53: =COUNTIFS(Data!$C$2:$C$301,A53,Data!$F$2:$F$301,"Cancelled") -> 2 | D53: =IFERROR(C53/B53,0) -> 0.083333333 | E53: =IFERROR(AVERAGEIFS(Data!$N$2:$N$301,Data!$C$2:$C$301,A53,Data!$F$2:$F$301,"Delivered"),0) -> 34.454545
A54: 18 | B54: =COUNTIF(Data!$C$2:$C$301,A54) -> 26 | C54: =COUNTIFS(Data!$C$2:$C$301,A54,Data!$F$2:$F$301,"Cancelled") -> 1 | D54: =IFERROR(C54/B54,0) -> 0.038461538 | E54: =IFERROR(AVERAGEIFS(Data!$N$2:$N$301,Data!$C$2:$C$301,A54,Data!$F$2:$F$301,"Delivered"),0) -> 33.6
A55: 19 | B55: =COUNTIF(Data!$C$2:$C$301,A55) -> 31 | C55: =COUNTIFS(Data!$C$2:$C$301,A55,Data!$F$2:$F$301,"Cancelled") -> 4 | D55: =IFERROR(C55/B55,0) -> 0.12903226 | E55: =IFERROR(AVERAGEIFS(Data!$N$2:$N$301,Data!$C$2:$C$301,A55,Data!$F$2:$F$301,"Delivered"),0) -> 49.703704
A56: 20 | B56: =COUNTIF(Data!$C$2:$C$301,A56) -> 23 | C56: =COUNTIFS(Data!$C$2:$C$301,A56,Data!$F$2:$F$301,"Cancelled") -> 4 | D56: =IFERROR(C56/B56,0) -> 0.17391304 | E56: =IFERROR(AVERAGEIFS(Data!$N$2:$N$301,Data!$C$2:$C$301,A56,Data!$F$2:$F$301,"Delivered"),0) -> 44.105263
A57: 21 | B57: =COUNTIF(Data!$C$2:$C$301,A57) -> 22 | C57: =COUNTIFS(Data!$C$2:$C$301,A57,Data!$F$2:$F$301,"Cancelled") -> 1 | D57: =IFERROR(C57/B57,0) -> 0.045454545 | E57: =IFERROR(AVERAGEIFS(Data!$N$2:$N$301,Data!$C$2:$C$301,A57,Data!$F$2:$F$301,"Delivered"),0) -> 52.52381
... A59: 23 | B59: =COUNTIF(Data!$C$2:$C$301,A59) -> 4 | C59: =COUNTIFS(Data!$C$2:$C$301,A59,Data!$F$2:$F$301,"Cancelled") -> 0 | D59: =IFERROR(C59/B59,0) -> 0 | E59: =IFERROR(AVERAGEIFS(Data!$N$2:$N$301,Data!$C$2:$C$301,A59,Data!$F$2:$F$301,"Delivered"),0) -> 35.5
A62: 6. Performance by district
A63: District | B63: Orders | C63: Cancellation rate | D63: Avg delivery time (min) | E63: Avg customer rating
A64: Nasimi | B64: =COUNTIF(Data!$E$2:$E$301,A64) -> 42 | C64: =IFERROR(COUNTIFS(Data!$E$2:$E$301,A64,Data!$F$2:$F$301,"Cancelled")/B64,0) -> 0.16666667 | D64: =IFERROR(AVERAGEIFS(Data!$N$2:$N$301,Data!$E$2:$E$301,A64,Data!$F$2:$F$301,"Delivered"),0) -> 42.457143 | E64: =IFERROR(AVERAGEIFS(Data!$O$2:$O$301,Data!$E$2:$E$301,A64),0) -> 4.2285714
A65: Yasamal | B65: =COUNTIF(Data!$E$2:$E$301,A65) -> 42 | C65: =IFERROR(COUNTIFS(Data!$E$2:$E$301,A65,Data!$F$2:$F$301,"Cancelled")/B65,0) -> 0.095238095 | D65: =IFERROR(AVERAGEIFS(Data!$N$2:$N$301,Data!$E$2:$E$301,A65,Data!$F$2:$F$301,"Delivered"),0) -> 39.973684 | E65: =IFERROR(AVERAGEIFS(Data!$O$2:$O$301,Data!$E$2:$E$301,A65),0) -> 4.3421053
A66: Narimanov | B66: =COUNTIF(Data!$E$2:$E$301,A66) -> 30 | C66: =IFERROR(COUNTIFS(Data!$E$2:$E$301,A66,Data!$F$2:$F$301,"Cancelled")/B66,0) -> 0.16666667 | D66: =IFERROR(AVERAGEIFS(Data!$N$2:$N$301,Data!$E$2:$E$301,A66,Data!$F$2:$F$301,"Delivered"),0) -> 38.24 | E66: =IFERROR(AVERAGEIFS(Data!$O$2:$O$301,Data!$E$2:$E$301,A66),0) -> 4.12
A67: Sabail | B67: =COUNTIF(Data!$E$2:$E$301,A67) -> 49 | C67: =IFERROR(COUNTIFS(Data!$E$2:$E$301,A67,Data!$F$2:$F$301,"Cancelled")/B67,0) -> 0.06122449 | D67: =IFERROR(AVERAGEIFS(Data!$N$2:$N$301,Data!$E$2:$E$301,A67,Data!$F$2:$F$301,"Delivered"),0) -> 39.434783 | E67: =IFERROR(AVERAGEIFS(Data!$O$2:$O$301,Data!$E$2:$E$301,A67),0) -> 3.9347826
A68: Khatai | B68: =COUNTIF(Data!$E$2:$E$301,A68) -> 38 | C68: =IFERROR(COUNTIFS(Data!$E$2:$E$301,A68,Data!$F$2:$F$301,"Cancelled")/B68,0) -> 0.078947368 | D68: =IFERROR(AVERAGEIFS(Data!$N$2:$N$301,Data!$E$2:$E$301,A68,Data!$F$2:$F$301,"Delivered"),0) -> 41.4 | E68: =IFERROR(AVERAGEIFS(Data!$O$2:$O$301,Data!$E$2:$E$301,A68),0) -> 4.2
A69: Nizami | B69: =COUNTIF(Data!$E$2:$E$301,A69) -> 44 | C69: =IFERROR(COUNTIFS(Data!$E$2:$E$301,A69,Data!$F$2:$F$301,"Cancelled")/B69,0) -> 0.11363636 | D69: =IFERROR(AVERAGEIFS(Data!$N$2:$N$301,Data!$E$2:$E$301,A69,Data!$F$2:$F$301,"Delivered"),0) -> 39.615385 | E69: =IFERROR(AVERAGEIFS(Data!$O$2:$O$301,Data!$E$2:$E$301,A69),0) -> 4.025641
A70: Binagadi | B70: =COUNTIF(Data!$E$2:$E$301,A70) -> 26 | C70: =IFERROR(COUNTIFS(Data!$E$2:$E$301,A70,Data!$F$2:$F$301,"Cancelled")/B70,0) -> 0.076923077 | D70: =IFERROR(AVERAGEIFS(Data!$N$2:$N$301,Data!$E$2:$E$301,A70,Data!$F$2:$F$301,"Delivered"),0) -> 45.5 | E70: =IFERROR(AVERAGEIFS(Data!$O$2:$O$301,Data!$E$2:$E$301,A70),0) -> 3.875
A71: Sabunchu | B71: =COUNTIF(Data!$E$2:$E$301,A71) -> 29 | C71: =IFERROR(COUNTIFS(Data!$E$2:$E$301,A71,Data!$F$2:$F$301,"Cancelled")/B71,0) -> 0.13793103 | D71: =IFERROR(AVERAGEIFS(Data!$N$2:$N$301,Data!$E$2:$E$301,A71,Data!$F$2:$F$301,"Delivered"),0) -> 42.64 | E71: =IFERROR(AVERAGEIFS(Data!$O$2:$O$301,Data!$E$2:$E$301,A71),0) -> 4

Sheet Data
A1: Order ID | B1: Date | C1: Order Hour | D1: Time Band | E1: District | F1: Status | G1: Cancel Reason | H1: Confirmation (min) | I1: Preparation (min) | J1: Courier Assignment (min) | K1: Travel to Restaurant (min) | L1: Wait at Restaurant (min) | M1: Travel to Customer (min) | N1: Total Delivery Time (min) | O1: Rating (1-5) | P1: Item Issue | Q1: SLA Breach
A2: ORD-0001 | B2: 46279 | C2: 11 | D2: =IF(OR(AND(C2>=Assumptions!$B$5,C2<=Assumptions!$B$6),AND(C2>=Assumptions!$B$7,C2<=Assumptions!$B$8)),"Peak","Off-peak") -> Off-peak | E2: Sabail | F2: Delivered | H2: 1 | I2: 14 | J2: 5 | K2: 6 | L2: 2 | M2: 9 | N2: =IF(F2="Delivered",SUM(H2:M2),"") -> 37 | O2: 3 | P2: Missing item | Q2: =IF(F2="Delivered",IF(N2>Assumptions!$B$4,"Yes","No"),"") -> No
A3: ORD-0002 | B3: 46279 | C3: 11 | D3: =IF(OR(AND(C3>=Assumptions!$B$5,C3<=Assumptions!$B$6),AND(C3>=Assumptions!$B$7,C3<=Assumptions!$B$8)),"Peak","Off-peak") -> Off-peak | E3: Nizami | F3: Delivered | H3: 2 | I3: 11 | J3: 3 | K3: 5 | L3: 3 | M3: 8 | N3: =IF(F3="Delivered",SUM(H3:M3),"") -> 32 | O3: 5 | P3: None | Q3: =IF(F3="Delivered",IF(N3>Assumptions!$B$4,"Yes","No"),"") -> No
A4: ORD-0003 | B4: 46279 | C4: 11 | D4: =IF(OR(AND(C4>=Assumptions!$B$5,C4<=Assumptions!$B$6),AND(C4>=Assumptions!$B$7,C4<=Assumptions!$B$8)),"Peak","Off-peak") -> Off-peak | E4: Nizami | F4: Delivered | H4: 2 | I4: 8 | J4: 4 | K4: 5 | L4: 0 | M4: 5 | N4: =IF(F4="Delivered",SUM(H4:M4),"") -> 24 | O4: 4 | P4: Wrong item | Q4: =IF(F4="Delivered",IF(N4>Assumptions!$B$4,"Yes","No"),"") -> No
A5: ORD-0004 | B5: 46279 | C5: 11 | D5: =IF(OR(AND(C5>=Assumptions!$B$5,C5<=Assumptions!$B$6),AND(C5>=Assumptions!$B$7,C5<=Assumptions!$B$8)),"Peak","Off-peak") -> Off-peak | E5: Nasimi | F5: Delivered | H5: 3 | I5: 15 | J5: 2 | K5: 4 | L5: 1 | M5: 21 | N5: =IF(F5="Delivered",SUM(H5:M5),"") -> 46 | O5: 5 | P5: None | Q5: =IF(F5="Delivered",IF(N5>Assumptions!$B$4,"Yes","No"),"") -> Yes
A6: ORD-0005 | B6: 46279 | C6: 12 | D6: =IF(OR(AND(C6>=Assumptions!$B$5,C6<=Assumptions!$B$6),AND(C6>=Assumptions!$B$7,C6<=Assumptions!$B$8)),"Peak","Off-peak") -> Peak | E6: Nizami | F6: Delivered | H6: 3 | I6: 22 | J6: 4 | K6: 9 | L6: 4 | M6: 13 | N6: =IF(F6="Delivered",SUM(H6:M6),"") -> 55 | O6: 3 | P6: None | Q6: =IF(F6="Delivered",IF(N6>Assumptions!$B$4,"Yes","No"),"") -> Yes
A7: ORD-0006 | B7: 46279 | C7: 12 | D7: =IF(OR(AND(C7>=Assumptions!$B$5,C7<=Assumptions!$B$6),AND(C7>=Assumptions!$B$7,C7<=Assumptions!$B$8)),"Peak","Off-peak") -> Peak | E7: Khatai | F7: Delivered | H7: 6 | I7: 10 | J7: 7 | K7: 6 | L7: 3 | M7: 8 | N7: =IF(F7="Delivered",SUM(H7:M7),"") -> 40 | O7: 4 | P7: None | Q7: =IF(F7="Delivered",IF(N7>Assumptions!$B$4,"Yes","No"),"") -> No
A8: ORD-0007 | B8: 46279 | C8: 13 | D8: =IF(OR(AND(C8>=Assumptions!$B$5,C8<=Assumptions!$B$6),AND(C8>=Assumptions!$B$7,C8<=Assumptions!$B$8)),"Peak","Off-peak") -> Peak | E8: Nasimi | F8: Delivered | H8: 3 | I8: 16 | J8: 13 | K8: 2 | L8: 6 | M8: 17 | N8: =IF(F8="Delivered",SUM(H8:M8),"") -> 57 | O8: 4 | P8: None | Q8: =IF(F8="Delivered",IF(N8>Assumptions!$B$4,"Yes","No"),"") -> Yes
A9: ORD-0008 | B9: 46279 | C9: 14 | D9: =IF(OR(AND(C9>=Assumptions!$B$5,C9<=Assumptions!$B$6),AND(C9>=Assumptions!$B$7,C9<=Assumptions!$B$8)),"Peak","Off-peak") -> Off-peak | E9: Yasamal | F9: Delivered | H9: 1 | I9: 7 | J9: 2 | K9: 3 | L9: 1 | M9: 12 | N9: =IF(F9="Delivered",SUM(H9:M9),"") -> 26 | O9: 5 | P9: None | Q9: =IF(F9="Delivered",IF(N9>Assumptions!$B$4,"Yes","No"),"") -> No
A10: ORD-0009 | B10: 46279 | C10: 14 | D10: =IF(OR(AND(C10>=Assumptions!$B$5,C10<=Assumptions!$B$6),AND(C10>=Assumptions!$B$7,C10<=Assumptions!$B$8)),"Peak","Off-peak") -> Off-peak | E10: Sabail | F10: Delivered | H10: 3 | I10: 14 | J10: 3 | K10: 4 | L10: 1 | M10: 10 | N10: =IF(F10="Delivered",SUM(H10:M10),"") -> 35 | O10: 5 | P10: None | Q10: =IF(F10="Delivered",IF(N10>Assumptions!$B$4,"Yes","No"),"") -> No
A11: ORD-0010 | B11: 46279 | C11: 14 | D11: =IF(OR(AND(C11>=Assumptions!$B$5,C11<=Assumptions!$B$6),AND(C11>=Assumptions!$B$7,C11<=Assumptions!$B$8)),"Peak","Off-peak") -> Off-peak | E11: Nizami | F11: Delivered | H11: 1 | I11: 15 | J11: 3 | K11: 3 | L11: 1 | M11: 5 | N11: =IF(F11="Delivered",SUM(H11:M11),"") -> 28 | O11: 4 | P11: Missing item | Q11: =IF(F11="Delivered",IF(N11>Assumptions!$B$4,"Yes","No"),"") -> No
A12: ORD-0011 | B12: 46279 | C12: 14 | D12: =IF(OR(AND(C12>=Assumptions!$B$5,C12<=Assumptions!$B$6),AND(C12>=Assumptions!$B$7,C12<=Assumptions!$B$8)),"Peak","Off-peak") -> Off-peak | E12: Yasamal | F12: Delivered | H12: 3 | I12: 14 | J12: 6 | K12: 8 | L12: 3 | M12: 5 | N12: =IF(F12="Delivered",SUM(H12:M12),"") -> 39 | O12: 4 | P12: None | Q12: =IF(F12="Delivered",IF(N12>Assumptions!$B$4,"Yes","No"),"") -> No
A13: ORD-0012 | B13: 46279 | C13: 14 | D13: =IF(OR(AND(C13>=Assumptions!$B$5,C13<=Assumptions!$B$6),AND(C13>=Assumptions!$B$7,C13<=Assumptions!$B$8)),"Peak","Off-peak") -> Off-peak | E13: Nizami | F13: Delivered | H13: 1 | I13: 11 | J13: 2 | K13: 6 | L13: 1 | M13: 12 | N13: =IF(F13="Delivered",SUM(H13:M13),"") -> 33 | O13: 4 | P13: None | Q13: =IF(F13="Delivered",IF(N13>Assumptions!$B$4,"Yes","No"),"") -> No
... A15: ORD-0014 | B15: 46279 | C15: 17 | D15: =IF(OR(AND(C15>=Assumptions!$B$5,C15<=Assumptions!$B$6),AND(C15>=Assumptions!$B$7,C15<=Assumptions!$B$8)),"Peak","Off-peak") -> Off-peak | E15: Khatai | F15: Delivered | H15: 6 | I15: 13 | J15: 5 | K15: 7 | L15: 3 | M15: 5 | N15: =IF(F15="Delivered",SUM(H15:M15),"") -> 39 | O15: 4 | P15: None | Q15: =IF(F15="Delivered",IF(N15>Assumptions!$B$4,"Yes","No"),"") -> No
A16: ORD-0015 | B16: 46279 | C16: 18 | D16: =IF(OR(AND(C16>=Assumptions!$B$5,C16<=Assumptions!$B$6),AND(C16>=Assumptions!$B$7,C16<=Assumptions!$B$8)),"Peak","Off-peak") -> Off-peak | E16: Sabunchu | F16: Cancelled | G16: Courier not assigned in time | N16: =IF(F16="Delivered",SUM(H16:M16),"") | Q16: =IF(F16="Delivered",IF(N16>Assumptions!$B$4,"Yes","No"),"")
A17: ORD-0016 | B17: 46279 | C17: 18 | D17: =IF(OR(AND(C17>=Assumptions!$B$5,C17<=Assumptions!$B$6),AND(C17>=Assumptions!$B$7,C17<=Assumptions!$B$8)),"Peak","Off-peak") -> Off-peak | E17: Nizami | F17: Delivered | H17: 1 | I17: 15 | J17: 9 | K17: 7 | L17: 1 | M17: 4 | N17: =IF(F17="Delivered",SUM(H17:M17),"") -> 37 | O17: 4 | P17: None | Q17: =IF(F17="Delivered",IF(N17>Assumptions!$B$4,"Yes","No"),"") -> No
A18: ORD-0017 | B18: 46279 | C18: 18 | D18: =IF(OR(AND(C18>=Assumptions!$B$5,C18<=Assumptions!$B$6),AND(C18>=Assumptions!$B$7,C18<=Assumptions!$B$8)),"Peak","Off-peak") -> Off-peak | E18: Binagadi | F18: Delivered | H18: 3 | I18: 16 | J18: 3 | K18: 7 | L18: 4 | M18: 11 | N18: =IF(F18="Delivered",SUM(H18:M18),"") -> 44 | O18: 4 | P18: None | Q18: =IF(F18="Delivered",IF(N18>Assumptions!$B$4,"Yes","No"),"") -> No
A19: ORD-0018 | B19: 46279 | C19: 18 | D19: =IF(OR(AND(C19>=Assumptions!$B$5,C19<=Assumptions!$B$6),AND(C19>=Assumptions!$B$7,C19<=Assumptions!$B$8)),"Peak","Off-peak") -> Off-peak | E19: Khatai | F19: Delivered | H19: 4 | I19: 12 | J19: 5 | K19: 8 | L19: 1 | M19: 6 | N19: =IF(F19="Delivered",SUM(H19:M19),"") -> 36 | O19: 5 | P19: None | Q19: =IF(F19="Delivered",IF(N19>Assumptions!$B$4,"Yes","No"),"") -> No
A20: ORD-0019 | B20: 46279 | C20: 19 | D20: =IF(OR(AND(C20>=Assumptions!$B$5,C20<=Assumptions!$B$6),AND(C20>=Assumptions!$B$7,C20<=Assumptions!$B$8)),"Peak","Off-peak") -> Peak | E20: Sabail | F20: Delivered | H20: 1 | I20: 14 | J20: 10 | K20: 9 | L20: 1 | M20: 7 | N20: =IF(F20="Delivered",SUM(H20:M20),"") -> 42 | O20: 4 | P20: None | Q20: =IF(F20="Delivered",IF(N20>Assumptions!$B$4,"Yes","No"),"") -> No
A21: ORD-0020 | B21: 46279 | C21: 20 | D21: =IF(OR(AND(C21>=Assumptions!$B$5,C21<=Assumptions!$B$6),AND(C21>=Assumptions!$B$7,C21<=Assumptions!$B$8)),"Peak","Off-peak") -> Peak | E21: Yasamal | F21: Delivered | H21: 7 | I21: 13 | J21: 4 | K21: 5 | L21: 6 | M21: 6 | N21: =IF(F21="Delivered",SUM(H21:M21),"") -> 41 | O21: 4 | P21: None | Q21: =IF(F21="Delivered",IF(N21>Assumptions!$B$4,"Yes","No"),"") -> No
A22: ORD-0021 | B22: 46279 | C22: 21 | D22: =IF(OR(AND(C22>=Assumptions!$B$5,C22<=Assumptions!$B$6),AND(C22>=Assumptions!$B$7,C22<=Assumptions!$B$8)),"Peak","Off-peak") -> Peak | E22: Nasimi | F22: Delivered | H22: 9 | I22: 22 | J22: 8 | K22: 8 | L22: 3 | M22: 18 | N22: =IF(F22="Delivered",SUM(H22:M22),"") -> 68 | O22: 4 | P22: None | Q22: =IF(F22="Delivered",IF(N22>Assumptions!$B$4,"Yes","No"),"") -> Yes
A23: ORD-0022 | B23: 46279 | C23: 21 | D23: =IF(OR(AND(C23>=Assumptions!$B$5,C23<=Assumptions!$B$6),AND(C23>=Assumptions!$B$7,C23<=Assumptions!$B$8)),"Peak","Off-peak") -> Peak | E23: Nasimi | F23: Delivered | H23: 5 | I23: 17 | J23: 4 | K23: 13 | L23: 9 | M23: 11 | N23: =IF(F23="Delivered",SUM(H23:M23),"") -> 59 | O23: 4 | P23: None | Q23: =IF(F23="Delivered",IF(N23>Assumptions!$B$4,"Yes","No"),"") -> Yes
A24: ORD-0023 | B24: 46279 | C24: 22 | D24: =IF(OR(AND(C24>=Assumptions!$B$5,C24<=Assumptions!$B$6),AND(C24>=Assumptions!$B$7,C24<=Assumptions!$B$8)),"Peak","Off-peak") -> Off-peak | E24: Khatai | F24: Delivered | H24: 1 | I24: 9 | J24: 6 | K24: 4 | L24: 1 | M24: 5 | N24: =IF(F24="Delivered",SUM(H24:M24),"") -> 26 | O24: 5 | P24: None | Q24: =IF(F24="Delivered",IF(N24>Assumptions!$B$4,"Yes","No"),"") -> No
A25: ORD-0024 | B25: 46279 | C25: 22 | D25: =IF(OR(AND(C25>=Assumptions!$B$5,C25<=Assumptions!$B$6),AND(C25>=Assumptions!$B$7,C25<=Assumptions!$B$8)),"Peak","Off-peak") -> Off-peak | E25: Yasamal | F25: Delivered | H25: 2 | I25: 12 | J25: 4 | K25: 7 | L25: 1 | M25: 6 | N25: =IF(F25="Delivered",SUM(H25:M25),"") -> 32 | O25: 5 | P25: None | Q25: =IF(F25="Delivered",IF(N25>Assumptions!$B$4,"Yes","No"),"") -> No
A26: ORD-0025 | B26: 46279 | C26: 22 | D26: =IF(OR(AND(C26>=Assumptions!$B$5,C26<=Assumptions!$B$6),AND(C26>=Assumptions!$B$7,C26<=Assumptions!$B$8)),"Peak","Off-peak") -> Off-peak | E26: Yasamal | F26: Cancelled | G26: Restaurant did not confirm | N26: =IF(F26="Delivered",SUM(H26:M26),"") | Q26: =IF(F26="Delivered",IF(N26>Assumptions!$B$4,"Yes","No"),"")
A27: ORD-0026 | B27: 46279 | C27: 22 | D27: =IF(OR(AND(C27>=Assumptions!$B$5,C27<=Assumptions!$B$6),AND(C27>=Assumptions!$B$7,C27<=Assumptions!$B$8)),"Peak","Off-peak") -> Off-peak | E27: Binagadi | F27: Delivered | H27: 3 | I27: 13 | J27: 4 | K27: 9 | L27: 2 | M27: 16 | N27: =IF(F27="Delivered",SUM(H27:M27),"") -> 47 | O27: 3 | P27: None | Q27: =IF(F27="Delivered",IF(N27>Assumptions!$B$4,"Yes","No"),"") -> Yes
A28: ORD-0027 | B28: 46280 | C28: 10 | D28: =IF(OR(AND(C28>=Assumptions!$B$5,C28<=Assumptions!$B$6),AND(C28>=Assumptions!$B$7,C28<=Assumptions!$B$8)),"Peak","Off-peak") -> Off-peak | E28: Khatai | F28: Delivered | H28: 1 | I28: 10 | J28: 3 | K28: 5 | L28: 3 | M28: 10 | N28: =IF(F28="Delivered",SUM(H28:M28),"") -> 32 | O28: 5 | P28: None | Q28: =IF(F28="Delivered",IF(N28>Assumptions!$B$4,"Yes","No"),"") -> No
A29: ORD-0028 | B29: 46280 | C29: 10 | D29: =IF(OR(AND(C29>=Assumptions!$B$5,C29<=Assumptions!$B$6),AND(C29>=Assumptions!$B$7,C29<=Assumptions!$B$8)),"Peak","Off-peak") -> Off-peak | E29: Sabunchu | F29: Delivered | H29: 1 | I29: 4 | J29: 2 | K29: 16 | L29: 0 | M29: 14 | N29: =IF(F29="Delivered",SUM(H29:M29),"") -> 37 | O29: 5 | P29: None | Q29: =IF(F29="Delivered",IF(N29>Assumptions!$B$4,"Yes","No"),"") -> No
A30: ORD-0029 | B30: 46280 | C30: 10 | D30: =IF(OR(AND(C30>=Assumptions!$B$5,C30<=Assumptions!$B$6),AND(C30>=Assumptions!$B$7,C30<=Assumptions!$B$8)),"Peak","Off-peak") -> Off-peak | E30: Binagadi | F30: Delivered | H30: 2 | I30: 13 | J30: 2 | K30: 11 | L30: 1 | M30: 11 | N30: =IF(F30="Delivered",SUM(H30:M30),"") -> 40 | O30: 4 | P30: None | Q30: =IF(F30="Delivered",IF(N30>Assumptions!$B$4,"Yes","No"),"") -> No
A31: ORD-0030 | B31: 46280 | C31: 11 | D31: =IF(OR(AND(C31>=Assumptions!$B$5,C31<=Assumptions!$B$6),AND(C31>=Assumptions!$B$7,C31<=Assumptions!$B$8)),"Peak","Off-peak") -> Off-peak | E31: Nizami | F31: Delivered | H31: 4 | I31: 12 | J31: 2 | K31: 10 | L31: 2 | M31: 6 | N31: =IF(F31="Delivered",SUM(H31:M31),"") -> 36 | O31: 5 | P31: None | Q31: =IF(F31="Delivered",IF(N31>Assumptions!$B$4,"Yes","No"),"") -> No
A32: ORD-0031 | B32: 46280 | C32: 12 | D32: =IF(OR(AND(C32>=Assumptions!$B$5,C32<=Assumptions!$B$6),AND(C32>=Assumptions!$B$7,C32<=Assumptions!$B$8)),"Peak","Off-peak") -> Peak | E32: Nasimi | F32: Delivered | H32: 4 | I32: 19 | J32: 7 | K32: 5 | L32: 7 | M32: 6 | N32: =IF(F32="Delivered",SUM(H32:M32),"") -> 48 | O32: 4 | P32: None | Q32: =IF(F32="Delivered",IF(N32>Assumptions!$B$4,"Yes","No"),"") -> Yes
A33: ORD-0032 | B33: 46280 | C33: 12 | D33: =IF(OR(AND(C33>=Assumptions!$B$5,C33<=Assumptions!$B$6),AND(C33>=Assumptions!$B$7,C33<=Assumptions!$B$8)),"Peak","Off-peak") -> Peak | E33: Nizami | F33: Cancelled | G33: Customer cancelled: long wait | N33: =IF(F33="Delivered",SUM(H33:M33),"") | Q33: =IF(F33="Delivered",IF(N33>Assumptions!$B$4,"Yes","No"),"")
A34: ORD-0033 | B34: 46280 | C34: 13 | D34: =IF(OR(AND(C34>=Assumptions!$B$5,C34<=Assumptions!$B$6),AND(C34>=Assumptions!$B$7,C34<=Assumptions!$B$8)),"Peak","Off-peak") -> Peak | E34: Sabunchu | F34: Delivered | H34: 5 | I34: 21 | J34: 5 | K34: 14 | L34: 3 | M34: 5 | N34: =IF(F34="Delivered",SUM(H34:M34),"") -> 53 | O34: 4 | P34: None | Q34: =IF(F34="Delivered",IF(N34>Assumptions!$B$4,"Yes","No"),"") -> Yes
A35: ORD-0034 | B35: 46280 | C35: 15 | D35: =IF(OR(AND(C35>=Assumptions!$B$5,C35<=Assumptions!$B$6),AND(C35>=Assumptions!$B$7,C35<=Assumptions!$B$8)),"Peak","Off-peak") -> Off-peak | E35: Sabunchu | F35: Delivered | H35: 1 | I35: 6 | J35: 3 | K35: 6 | L35: 2 | M35: 10 | N35: =IF(F35="Delivered",SUM(H35:M35),"") -> 28 | O35: 5 | P35: None | Q35: =IF(F35="Delivered",IF(N35>Assumptions!$B$4,"Yes","No"),"") -> No
A36: ORD-0035 | B36: 46280 | C36: 17 | D36: =IF(OR(AND(C36>=Assumptions!$B$5,C36<=Assumptions!$B$6),AND(C36>=Assumptions!$B$7,C36<=Assumptions!$B$8)),"Peak","Off-peak") -> Off-peak | E36: Sabunchu | F36: Delivered | H36: 1 | I36: 15 | J36: 1 | K36: 11 | L36: 1 | M36: 14 | N36: =IF(F36="Delivered",SUM(H36:M36),"") -> 43 | O36: 4 | P36: None | Q36: =IF(F36="Delivered",IF(N36>Assumptions!$B$4,"Yes","No"),"") -> No
A37: ORD-0036 | B37: 46280 | C37: 21 | D37: =IF(OR(AND(C37>=Assumptions!$B$5,C37<=Assumptions!$B$6),AND(C37>=Assumptions!$B$7,C37<=Assumptions!$B$8)),"Peak","Off-peak") -> Peak | E37: Sabail | F37: Delivered | H37: 2 | I37: 12 | J37: 6 | K37: 7 | L37: 2 | M37: 6 | N37: =IF(F37="Delivered",SUM(H37:M37),"") -> 35 | O37: 4 | P37: None | Q37: =IF(F37="Delivered",IF(N37>Assumptions!$B$4,"Yes","No"),"") -> No
A38: ORD-0037 | B38: 46280 | C38: 21 | D38: =IF(OR(AND(C38>=Assumptions!$B$5,C38<=Assumptions!$B$6),AND(C38>=Assumptions!$B$7,C38<=Assumptions!$B$8)),"Peak","Off-peak") -> Peak | E38: Binagadi | F38: Delivered | H38: 4 | I38: 14 | J38: 9 | K38: 5 | L38: 3 | M38: 20 | N38: =IF(F38="Delivered",SUM(H38:M38),"") -> 55 | O38: 4 | P38: None | Q38: =IF(F38="Delivered",IF(N38>Assumptions!$B$4,"Yes","No"),"") -> Yes
A39: ORD-0038 | B39: 46280 | C39: 21 | D39: =IF(OR(AND(C39>=Assumptions!$B$5,C39<=Assumptions!$B$6),AND(C39>=Assumptions!$B$7,C39<=Assumptions!$B$8)),"Peak","Off-peak") -> Peak | E39: Binagadi | F39: Delivered | H39: 4 | I39: 15 | J39: 9 | K39: 12 | L39: 1 | M39: 23 | N39: =IF(F39="Delivered",SUM(H39:M39),"") -> 64 | O39: 3 | P39: None | Q39: =IF(F39="Delivered",IF(N39>Assumptions!$B$4,"Yes","No"),"") -> Yes
A40: ORD-0039 | B40: 46280 | C40: 22 | D40: =IF(OR(AND(C40>=Assumptions!$B$5,C40<=Assumptions!$B$6),AND(C40>=Assumptions!$B$7,C40<=Assumptions!$B$8)),"Peak","Off-peak") -> Off-peak | E40: Binagadi | F40: Delivered | H40: 1 | I40: 10 | J40: 7 | K40: 9 | L40: 1 | M40: 12 | N40: =IF(F40="Delivered",SUM(H40:M40),"") -> 40 | O40: 4 | P40: None | Q40: =IF(F40="Delivered",IF(N40>Assumptions!$B$4,"Yes","No"),"") -> No
A41: ORD-0040 | B41: 46280 | C41: 22 | D41: =IF(OR(AND(C41>=Assumptions!$B$5,C41<=Assumptions!$B$6),AND(C41>=Assumptions!$B$7,C41<=Assumptions!$B$8)),"Peak","Off-peak") -> Off-peak | E41: Nasimi | F41: Delivered | H41: 2 | I41: 12 | J41: 3 | K41: 5 | L41: 2 | M41: 13 | N41: =IF(F41="Delivered",SUM(H41:M41),"") -> 37 | O41: 4 | P41: None | Q41: =IF(F41="Delivered",IF(N41>Assumptions!$B$4,"Yes","No"),"") -> No
A42: ORD-0041 | B42: 46281 | C42: 11 | D42: =IF(OR(AND(C42>=Assumptions!$B$5,C42<=Assumptions!$B$6),AND(C42>=Assumptions!$B$7,C42<=Assumptions!$B$8)),"Peak","Off-peak") -> Off-peak | E42: Binagadi | F42: Delivered | H42: 1 | I42: 9 | J42: 2 | K42: 5 | L42: 1 | M42: 4 | N42: =IF(F42="Delivered",SUM(H42:M42),"") -> 22 | O42: 5 | P42: None | Q42: =IF(F42="Delivered",IF(N42>Assumptions!$B$4,"Yes","No"),"") -> No
A43: ORD-0042 | B43: 46281 | C43: 12 | D43: =IF(OR(AND(C43>=Assumptions!$B$5,C43<=Assumptions!$B$6),AND(C43>=Assumptions!$B$7,C43<=Assumptions!$B$8)),"Peak","Off-peak") -> Peak | E43: Nasimi | F43: Cancelled | G43: Item unavailable | N43: =IF(F43="Delivered",SUM(H43:M43),"") | Q43: =IF(F43="Delivered",IF(N43>Assumptions!$B$4,"Yes","No"),"")
A44: ORD-0043 | B44: 46281 | C44: 12 | D44: =IF(OR(AND(C44>=Assumptions!$B$5,C44<=Assumptions!$B$6),AND(C44>=Assumptions!$B$7,C44<=Assumptions!$B$8)),"Peak","Off-peak") -> Peak | E44: Yasamal | F44: Cancelled | G44: Courier not assigned in time | N44: =IF(F44="Delivered",SUM(H44:M44),"") | Q44: =IF(F44="Delivered",IF(N44>Assumptions!$B$4,"Yes","No"),"")
A45: ORD-0044 | B45: 46281 | C45: 13 | D45: =IF(OR(AND(C45>=Assumptions!$B$5,C45<=Assumptions!$B$6),AND(C45>=Assumptions!$B$7,C45<=Assumptions!$B$8)),"Peak","Off-peak") -> Peak | E45: Nasimi | F45: Delivered | H45: 5 | I45: 7 | J45: 3 | K45: 10 | L45: 2 | M45: 9 | N45: =IF(F45="Delivered",SUM(H45:M45),"") -> 36 | O45: 5 | P45: None | Q45: =IF(F45="Delivered",IF(N45>Assumptions!$B$4,"Yes","No"),"") -> No
A46: ORD-0045 | B46: 46281 | C46: 13 | D46: =IF(OR(AND(C46>=Assumptions!$B$5,C46<=Assumptions!$B$6),AND(C46>=Assumptions!$B$7,C46<=Assumptions!$B$8)),"Peak","Off-peak") -> Peak | E46: Sabunchu | F46: Delivered | H46: 2 | I46: 7 | J46: 8 | K46: 11 | L46: 12 | M46: 19 | N46: =IF(F46="Delivered",SUM(H46:M46),"") -> 59 | O46: 3 | P46: None | Q46: =IF(F46="Delivered",IF(N46>Assumptions!$B$4,"Yes","No"),"") -> Yes
A47: ORD-0046 | B47: 46281 | C47: 15 | D47: =IF(OR(AND(C47>=Assumptions!$B$5,C47<=Assumptions!$B$6),AND(C47>=Assumptions!$B$7,C47<=Assumptions!$B$8)),"Peak","Off-peak") -> Off-peak | E47: Khatai | F47: Delivered | H47: 2 | I47: 17 | J47: 4 | K47: 7 | L47: 1 | M47: 7 | N47: =IF(F47="Delivered",SUM(H47:M47),"") -> 38 | O47: 5 | P47: None | Q47: =IF(F47="Delivered",IF(N47>Assumptions!$B$4,"Yes","No"),"") -> No
A48: ORD-0047 | B48: 46281 | C48: 15 | D48: =IF(OR(AND(C48>=Assumptions!$B$5,C48<=Assumptions!$B$6),AND(C48>=Assumptions!$B$7,C48<=Assumptions!$B$8)),"Peak","Off-peak") -> Off-peak | E48: Nizami | F48: Delivered | H48: 1 | I48: 8 | J48: 2 | K48: 5 | L48: 1 | M48: 8 | N48: =IF(F48="Delivered",SUM(H48:M48),"") -> 25 | O48: 5 | P48: None | Q48: =IF(F48="Delivered",IF(N48>Assumptions!$B$4,"Yes","No"),"") -> No
A49: ORD-0048 | B49: 46281 | C49: 18 | D49: =IF(OR(AND(C49>=Assumptions!$B$5,C49<=Assumptions!$B$6),AND(C49>=Assumptions!$B$7,C49<=Assumptions!$B$8)),"Peak","Off-peak") -> Off-peak | E49: Yasamal | F49: Delivered | H49: 6 | I49: 8 | J49: 3 | K49: 5 | L49: 1 | M49: 9 | N49: =IF(F49="Delivered",SUM(H49:M49),"") -> 32 | O49: 5 | P49: None | Q49: =IF(F49="Delivered",IF(N49>Assumptions!$B$4,"Yes","No"),"") -> No
A50: ORD-0049 | B50: 46281 | C50: 18 | D50: =IF(OR(AND(C50>=Assumptions!$B$5,C50<=Assumptions!$B$6),AND(C50>=Assumptions!$B$7,C50<=Assumptions!$B$8)),"Peak","Off-peak") -> Off-peak | E50: Nizami | F50: Delivered | H50: 2 | I50: 16 | J50: 5 | K50: 11 | L50: 3 | M50: 7 | N50: =IF(F50="Delivered",SUM(H50:M50),"") -> 44 | O50: 4 | P50: None | Q50: =IF(F50="Delivered",IF(N50>Assumptions!$B$4,"Yes","No"),"") -> No
A51: ORD-0050 | B51: 46281 | C51: 18 | D51: =IF(OR(AND(C51>=Assumptions!$B$5,C51<=Assumptions!$B$6),AND(C51>=Assumptions!$B$7,C51<=Assumptions!$B$8)),"Peak","Off-peak") -> Off-peak | E51: Nasimi | F51: Delivered | H51: 2 | I51: 12 | J51: 3 | K51: 7 | L51: 1 | M51: 12 | N51: =IF(F51="Delivered",SUM(H51:M51),"") -> 37 | O51: 5 | P51: None | Q51: =IF(F51="Delivered",IF(N51>Assumptions!$B$4,"Yes","No"),"") -> No
A52: ORD-0051 | B52: 46281 | C52: 20 | D52: =IF(OR(AND(C52>=Assumptions!$B$5,C52<=Assumptions!$B$6),AND(C52>=Assumptions!$B$7,C52<=Assumptions!$B$8)),"Peak","Off-peak") -> Peak | E52: Yasamal | F52: Delivered | H52: 6 | I52: 9 | J52: 1 | K52: 6 | L52: 6 | M52: 11 | N52: =IF(F52="Delivered",SUM(H52:M52),"") -> 39 | O52: 5 | P52: None | Q52: =IF(F52="Delivered",IF(N52>Assumptions!$B$4,"Yes","No"),"") -> No
A53: ORD-0052 | B53: 46281 | C53: 21 | D53: =IF(OR(AND(C53>=Assumptions!$B$5,C53<=Assumptions!$B$6),AND(C53>=Assumptions!$B$7,C53<=Assumptions!$B$8)),"Peak","Off-peak") -> Peak | E53: Khatai | F53: Delivered | H53: 5 | I53: 25 | J53: 5 | K53: 2 | L53: 10 | M53: 13 | N53: =IF(F53="Delivered",SUM(H53:M53),"") -> 60 | O53: 2 | P53: None | Q53: =IF(F53="Delivered",IF(N53>Assumptions!$B$4,"Yes","No"),"") -> Yes
A54: ORD-0053 | B54: 46281 | C54: 22 | D54: =IF(OR(AND(C54>=Assumptions!$B$5,C54<=Assumptions!$B$6),AND(C54>=Assumptions!$B$7,C54<=Assumptions!$B$8)),"Peak","Off-peak") -> Off-peak | E54: Nizami | F54: Delivered | H54: 2 | I54: 11 | J54: 3 | K54: 7 | L54: 3 | M54: 9 | N54: =IF(F54="Delivered",SUM(H54:M54),"") -> 35 | O54: 4 | P54: None | Q54: =IF(F54="Delivered",IF(N54>Assumptions!$B$4,"Yes","No"),"") -> No
A55: ORD-0054 | B55: 46281 | C55: 22 | D55: =IF(OR(AND(C55>=Assumptions!$B$5,C55<=Assumptions!$B$6),AND(C55>=Assumptions!$B$7,C55<=Assumptions!$B$8)),"Peak","Off-peak") -> Off-peak | E55: Sabail | F55: Delivered | H55: 2 | I55: 12 | J55: 2 | K55: 4 | L55: 2 | M55: 7 | N55: =IF(F55="Delivered",SUM(H55:M55),"") -> 29 | O55: 5 | P55: None | Q55: =IF(F55="Delivered",IF(N55>Assumptions!$B$4,"Yes","No"),"") -> No
A56: ORD-0055 | B56: 46282 | C56: 10 | D56: =IF(OR(AND(C56>=Assumptions!$B$5,C56<=Assumptions!$B$6),AND(C56>=Assumptions!$B$7,C56<=Assumptions!$B$8)),"Peak","Off-peak") -> Off-peak | E56: Nizami | F56: Cancelled | G56: Courier not assigned in time | N56: =IF(F56="Delivered",SUM(H56:M56),"") | Q56: =IF(F56="Delivered",IF(N56>Assumptions!$B$4,"Yes","No"),"")
A57: ORD-0056 | B57: 46282 | C57: 10 | D57: =IF(OR(AND(C57>=Assumptions!$B$5,C57<=Assumptions!$B$6),AND(C57>=Assumptions!$B$7,C57<=Assumptions!$B$8)),"Peak","Off-peak") -> Off-peak | E57: Nasimi | F57: Cancelled | G57: Courier not assigned in time | N57: =IF(F57="Delivered",SUM(H57:M57),"") | Q57: =IF(F57="Delivered",IF(N57>Assumptions!$B$4,"Yes","No"),"")
A58: ORD-0057 | B58: 46282 | C58: 11 | D58: =IF(OR(AND(C58>=Assumptions!$B$5,C58<=Assumptions!$B$6),AND(C58>=Assumptions!$B$7,C58<=Assumptions!$B$8)),"Peak","Off-peak") -> Off-peak | E58: Sabail | F58: Delivered | H58: 1 | I58: 11 | J58: 3 | K58: 3 | L58: 2 | M58: 7 | N58: =IF(F58="Delivered",SUM(H58:M58),"") -> 27 | O58: 5 | P58: None | Q58: =IF(F58="Delivered",IF(N58>Assumptions!$B$4,"Yes","No"),"") -> No
A59: ORD-0058 | B59: 46282 | C59: 11 | D59: =IF(OR(AND(C59>=Assumptions!$B$5,C59<=Assumptions!$B$6),AND(C59>=Assumptions!$B$7,C59<=Assumptions!$B$8)),"Peak","Off-peak") -> Off-peak | E59: Sabail | F59: Delivered | H59: 1 | I59: 8 | J59: 1 | K59: 7 | L59: 4 | M59: 6 | N59: =IF(F59="Delivered",SUM(H59:M59),"") -> 27 | O59: 5 | P59: None | Q59: =IF(F59="Delivered",IF(N59>Assumptions!$B$4,"Yes","No"),"") -> No
A60: ORD-0059 | B60: 46282 | C60: 12 | D60: =IF(OR(AND(C60>=Assumptions!$B$5,C60<=Assumptions!$B$6),AND(C60>=Assumptions!$B$7,C60<=Assumptions!$B$8)),"Peak","Off-peak") -> Peak | E60: Sabail | F60: Delivered | H60: 2 | I60: 15 | J60: 5 | K60: 12 | L60: 4 | M60: 6 | N60: =IF(F60="Delivered",SUM(H60:M60),"") -> 44 | O60: 4 | P60: None | Q60: =IF(F60="Delivered",IF(N60>Assumptions!$B$4,"Yes","No"),"") -> No
A61: ORD-0060 | B61: 46282 | C61: 14 | D61: =IF(OR(AND(C61>=Assumptions!$B$5,C61<=Assumptions!$B$6),AND(C61>=Assumptions!$B$7,C61<=Assumptions!$B$8)),"Peak","Off-peak") -> Off-peak | E61: Nizami | F61: Delivered | H61: 1 | I61: 25 | J61: 2 | K61: 7 | L61: 1 | M61: 5 | N61: =IF(F61="Delivered",SUM(H61:M61),"") -> 41 | O61: 5 | P61: None | Q61: =IF(F61="Delivered",IF(N61>Assumptions!$B$4,"Yes","No"),"") -> No
A62: ORD-0061 | B62: 46282 | C62: 14 | D62: =IF(OR(AND(C62>=Assumptions!$B$5,C62<=Assumptions!$B$6),AND(C62>=Assumptions!$B$7,C62<=Assumptions!$B$8)),"Peak","Off-peak") -> Off-peak | E62: Nizami | F62: Delivered | H62: 3 | I62: 14 | J62: 2 | K62: 8 | L62: 2 | M62: 9 | N62: =IF(F62="Delivered",SUM(H62:M62),"") -> 38 | O62: 4 | P62: None | Q62: =IF(F62="Delivered",IF(N62>Assumptions!$B$4,"Yes","No"),"") -> No
A63: ORD-0062 | B63: 46282 | C63: 14 | D63: =IF(OR(AND(C63>=Assumptions!$B$5,C63<=Assumptions!$B$6),AND(C63>=Assumptions!$B$7,C63<=Assumptions!$B$8)),"Peak","Off-peak") -> Off-peak | E63: Sabail | F63: Delivered | H63: 1 | I63: 17 | J63: 3 | K63: 4 | L63: 1 | M63: 6 | N63: =IF(F63="Delivered",SUM(H63:M63),"") -> 32 | O63: 5 | P63: None | Q63: =IF(F63="Delivered",IF(N63>Assumptions!$B$4,"Yes","No"),"") -> No
A64: ORD-0063 | B64: 46282 | C64: 15 | D64: =IF(OR(AND(C64>=Assumptions!$B$5,C64<=Assumptions!$B$6),AND(C64>=Assumptions!$B$7,C64<=Assumptions!$B$8)),"Peak","Off-peak") -> Off-peak | E64: Khatai | F64: Delivered | H64: 1 | I64: 21 | J64: 4 | K64: 6 | L64: 2 | M64: 15 | N64: =IF(F64="Delivered",SUM(H64:M64),"") -> 49 | O64: 3 | P64: None | Q64: =IF(F64="Delivered",IF(N64>Assumptions!$B$4,"Yes","No"),"") -> Yes
A65: ORD-0064 | B65: 46282 | C65: 15 | D65: =IF(OR(AND(C65>=Assumptions!$B$5,C65<=Assumptions!$B$6),AND(C65>=Assumptions!$B$7,C65<=Assumptions!$B$8)),"Peak","Off-peak") -> Off-peak | E65: Sabail | F65: Delivered | H65: 2 | I65: 7 | J65: 6 | K65: 11 | L65: 3 | M65: 6 | N65: =IF(F65="Delivered",SUM(H65:M65),"") -> 35 | O65: 3 | P65: None | Q65: =IF(F65="Delivered",IF(N65>Assumptions!$B$4,"Yes","No"),"") -> No
A66: ORD-0065 | B66: 46282 | C66: 17 | D66: =IF(OR(AND(C66>=Assumptions!$B$5,C66<=Assumptions!$B$6),AND(C66>=Assumptions!$B$7,C66<=Assumptions!$B$8)),"Peak","Off-peak") -> Off-peak | E66: Sabunchu | F66: Delivered | H66: 1 | I66: 10 | J66: 2 | K66: 7 | L66: 2 | M66: 8 | N66: =IF(F66="Delivered",SUM(H66:M66),"") -> 30 | O66: 3 | P66: Wrong item | Q66: =IF(F66="Delivered",IF(N66>Assumptions!$B$4,"Yes","No"),"") -> No
A67: ORD-0066 | B67: 46282 | C67: 19 | D67: =IF(OR(AND(C67>=Assumptions!$B$5,C67<=Assumptions!$B$6),AND(C67>=Assumptions!$B$7,C67<=Assumptions!$B$8)),"Peak","Off-peak") -> Peak | E67: Yasamal | F67: Delivered | H67: 7 | I67: 16 | J67: 9 | K67: 5 | L67: 7 | M67: 7 | N67: =IF(F67="Delivered",SUM(H67:M67),"") -> 51 | O67: 4 | P67: None | Q67: =IF(F67="Delivered",IF(N67>Assumptions!$B$4,"Yes","No"),"") -> Yes
A68: ORD-0067 | B68: 46282 | C68: 20 | D68: =IF(OR(AND(C68>=Assumptions!$B$5,C68<=Assumptions!$B$6),AND(C68>=Assumptions!$B$7,C68<=Assumptions!$B$8)),"Peak","Off-peak") -> Peak | E68: Binagadi | F68: Delivered | H68: 1 | I68: 13 | J68: 4 | K68: 9 | L68: 4 | M68: 14 | N68: =IF(F68="Delivered",SUM(H68:M68),"") -> 45 | O68: 3 | P68: None | Q68: =IF(F68="Delivered",IF(N68>Assumptions!$B$4,"Yes","No"),"") -> No
A69: ORD-0068 | B69: 46282 | C69: 21 | D69: =IF(OR(AND(C69>=Assumptions!$B$5,C69<=Assumptions!$B$6),AND(C69>=Assumptions!$B$7,C69<=Assumptions!$B$8)),"Peak","Off-peak") -> Peak | E69: Nizami | F69: Delivered | H69: 1 | I69: 30 | J69: 6 | K69: 11 | L69: 4 | M69: 9 | N69: =IF(F69="Delivered",SUM(H69:M69),"") -> 61 | O69: 4 | P69: None | Q69: =IF(F69="Delivered",IF(N69>Assumptions!$B$4,"Yes","No"),"") -> Yes
... A96: ORD-0095 | B96: 46283 | C96: 19 | D96: =IF(OR(AND(C96>=Assumptions!$B$5,C96<=Assumptions!$B$6),AND(C96>=Assumptions!$B$7,C96<=Assumptions!$B$8)),"Peak","Off-peak") -> Peak | E96: Nasimi | F96: Delivered | H96: 3 | I96: 16 | J96: 6 | K96: 6 | L96: 4 | M96: 16 | N96: =IF(F96="Delivered",SUM(H96:M96),"") -> 51 | O96: 4 | P96: None | Q96: =IF(F96="Delivered",IF(N96>Assumptions!$B$4,"Yes","No"),"") -> Yes
A97: ORD-0096 | B97: 46283 | C97: 20 | D97: =IF(OR(AND(C97>=Assumptions!$B$5,C97<=Assumptions!$B$6),AND(C97>=Assumptions!$B$7,C97<=Assumptions!$B$8)),"Peak","Off-peak") -> Peak | E97: Sabunchu | F97: Cancelled | G97: Restaurant did not confirm | N97: =IF(F97="Delivered",SUM(H97:M97),"") | Q97: =IF(F97="Delivered",IF(N97>Assumptions!$B$4,"Yes","No"),"")
A98: ORD-0097 | B98: 46283 | C98: 20 | D98: =IF(OR(AND(C98>=Assumptions!$B$5,C98<=Assumptions!$B$6),AND(C98>=Assumptions!$B$7,C98<=Assumptions!$B$8)),"Peak","Off-peak") -> Peak | E98: Sabail | F98: Delivered | H98: 2 | I98: 14 | J98: 3 | K98: 12 | L98: 3 | M98: 8 | N98: =IF(F98="Delivered",SUM(H98:M98),"") -> 42 | O98: 3 | P98: None | Q98: =IF(F98="Delivered",IF(N98>Assumptions!$B$4,"Yes","No"),"") -> No
A99: ORD-0098 | B99: 46283 | C99: 20 | D99: =IF(OR(AND(C99>=Assumptions!$B$5,C99<=Assumptions!$B$6),AND(C99>=Assumptions!$B$7,C99<=Assumptions!$B$8)),"Peak","Off-peak") -> Peak | E99: Nasimi | F99: Delivered | H99: 5 | I99: 18 | J99: 8 | K99: 3 | L99: 6 | M99: 5 | N99: =IF(F99="Delivered",SUM(H99:M99),"") -> 45 | O99: 4 | P99: None | Q99: =IF(F99="Delivered",IF(N99>Assumptions!$B$4,"Yes","No"),"") -> No
A100: ORD-0099 | B100: 46283 | C100: 20 | D100: =IF(OR(AND(C100>=Assumptions!$B$5,C100<=Assumptions!$B$6),AND(C100>=Assumptions!$B$7,C100<=Assumptions!$B$8)),"Peak","Off-peak") -> Peak | E100: Sabail | F100: Delivered | H100: 5 | I100: 19 | J100: 8 | K100: 7 | L100: 7 | M100: 11 | N100: =IF(F100="Delivered",SUM(H100:M100),"") -> 57 | O100: 3 | P100: None | Q100: =IF(F100="Delivered",IF(N100>Assumptions!$B$4,"Yes","No"),"") -> Yes
A101: ORD-0100 | B101: 46283 | C101: 22 | D101: =IF(OR(AND(C101>=Assumptions!$B$5,C101<=Assumptions!$B$6),AND(C101>=Assumptions!$B$7,C101<=Assumptions!$B$8)),"Peak","Off-peak") -> Off-peak | E101: Khatai | F101: Delivered | H101: 1 | I101: 19 | J101: 2 | K101: 5 | L101: 2 | M101: 7 | N101: =IF(F101="Delivered",SUM(H101:M101),"") -> 36 | O101: 5 | P101: None | Q101: =IF(F101="Delivered",IF(N101>Assumptions!$B$4,"Yes","No"),"") -> No
A102: ORD-0101 | B102: 46283 | C102: 22 | D102: =IF(OR(AND(C102>=Assumptions!$B$5,C102<=Assumptions!$B$6),AND(C102>=Assumptions!$B$7,C102<=Assumptions!$B$8)),"Peak","Off-peak") -> Off-peak | E102: Nizami | F102: Cancelled | G102: Customer cancelled: long wait | N102: =IF(F102="Delivered",SUM(H102:M102),"") | Q102: =IF(F102="Delivered",IF(N102>Assumptions!$B$4,"Yes","No"),"")
A103: ORD-0102 | B103: 46284 | C103: 11 | D103: =IF(OR(AND(C103>=Assumptions!$B$5,C103<=Assumptions!$B$6),AND(C103>=Assumptions!$B$7,C103<=Assumptions!$B$8)),"Peak","Off-peak") -> Off-peak | E103: Yasamal | F103: Delivered | H103: 1 | I103: 10 | J103: 2 | K103: 8 | L103: 1 | M103: 10 | N103: =IF(F103="Delivered",SUM(H103:M103),"") -> 32 | O103: 5 | P103: None | Q103: =IF(F103="Delivered",IF(N103>Assumptions!$B$4,"Yes","No"),"") -> No
A104: ORD-0103 | B104: 46284 | C104: 11 | D104: =IF(OR(AND(C104>=Assumptions!$B$5,C104<=Assumptions!$B$6),AND(C104>=Assumptions!$B$7,C104<=Assumptions!$B$8)),"Peak","Off-peak") -> Off-peak | E104: Narimanov | F104: Delivered | H104: 1 | I104: 31 | J104: 4 | K104: 6 | L104: 2 | M104: 6 | N104: =IF(F104="Delivered",SUM(H104:M104),"") -> 50 | O104: 4 | P104: None | Q104: =IF(F104="Delivered",IF(N104>Assumptions!$B$4,"Yes","No"),"") -> Yes
A105: ORD-0104 | B105: 46284 | C105: 12 | D105: =IF(OR(AND(C105>=Assumptions!$B$5,C105<=Assumptions!$B$6),AND(C105>=Assumptions!$B$7,C105<=Assumptions!$B$8)),"Peak","Off-peak") -> Peak | E105: Nasimi | F105: Delivered | H105: 5 | I105: 13 | J105: 9 | K105: 7 | L105: 4 | M105: 17 | N105: =IF(F105="Delivered",SUM(H105:M105),"") -> 55 | O105: 3 | P105: None | Q105: =IF(F105="Delivered",IF(N105>Assumptions!$B$4,"Yes","No"),"") -> Yes
A106: ORD-0105 | B106: 46284 | C106: 12 | D106: =IF(OR(AND(C106>=Assumptions!$B$5,C106<=Assumptions!$B$6),AND(C106>=Assumptions!$B$7,C106<=Assumptions!$B$8)),"Peak","Off-peak") -> Peak | E106: Sabail | F106: Delivered | H106: 4 | I106: 9 | J106: 14 | K106: 8 | L106: 8 | M106: 6 | N106: =IF(F106="Delivered",SUM(H106:M106),"") -> 49 | O106: 2 | P106: Missing item | Q106: =IF(F106="Delivered",IF(N106>Assumptions!$B$4,"Yes","No"),"") -> Yes
A107: ORD-0106 | B107: 46284 | C107: 12 | D107: =IF(OR(AND(C107>=Assumptions!$B$5,C107<=Assumptions!$B$6),AND(C107>=Assumptions!$B$7,C107<=Assumptions!$B$8)),"Peak","Off-peak") -> Peak | E107: Binagadi | F107: Cancelled | G107: Restaurant did not confirm | N107: =IF(F107="Delivered",SUM(H107:M107),"") | Q107: =IF(F107="Delivered",IF(N107>Assumptions!$B$4,"Yes","No"),"")
A108: ORD-0107 | B108: 46284 | C108: 13 | D108: =IF(OR(AND(C108>=Assumptions!$B$5,C108<=Assumptions!$B$6),AND(C108>=Assumptions!$B$7,C108<=Assumptions!$B$8)),"Peak","Off-peak") -> Peak | E108: Narimanov | F108: Cancelled | G108: Courier not assigned in time | N108: =IF(F108="Delivered",SUM(H108:M108),"") | Q108: =IF(F108="Delivered",IF(N108>Assumptions!$B$4,"Yes","No"),"")
A109: ORD-0108 | B109: 46284 | C109: 14 | D109: =IF(OR(AND(C109>=Assumptions!$B$5,C109<=Assumptions!$B$6),AND(C109>=Assumptions!$B$7,C109<=Assumptions!$B$8)),"Peak","Off-peak") -> Off-peak | E109: Khatai | F109: Cancelled | G109: Customer cancelled: long wait | N109: =IF(F109="Delivered",SUM(H109:M109),"") | Q109: =IF(F109="Delivered",IF(N109>Assumptions!$B$4,"Yes","No"),"")
A110: ORD-0109 | B110: 46284 | C110: 14 | D110: =IF(OR(AND(C110>=Assumptions!$B$5,C110<=Assumptions!$B$6),AND(C110>=Assumptions!$B$7,C110<=Assumptions!$B$8)),"Peak","Off-peak") -> Off-peak | E110: Narimanov | F110: Delivered | H110: 1 | I110: 11 | J110: 2 | K110: 5 | L110: 2 | M110: 8 | N110: =IF(F110="Delivered",SUM(H110:M110),"") -> 29 | O110: 5 | P110: None | Q110: =IF(F110="Delivered",IF(N110>Assumptions!$B$4,"Yes","No"),"") -> No
A111: ORD-0110 | B111: 46284 | C111: 14 | D111: =IF(OR(AND(C111>=Assumptions!$B$5,C111<=Assumptions!$B$6),AND(C111>=Assumptions!$B$7,C111<=Assumptions!$B$8)),"Peak","Off-peak") -> Off-peak | E111: Yasamal | F111: Delivered | H111: 3 | I111: 12 | J111: 3 | K111: 4 | L111: 1 | M111: 3 | N111: =IF(F111="Delivered",SUM(H111:M111),"") -> 26 | O111: 5 | P111: None | Q111: =IF(F111="Delivered",IF(N111>Assumptions!$B$4,"Yes","No"),"") -> No
A112: ORD-0111 | B112: 46284 | C112: 14 | D112: =IF(OR(AND(C112>=Assumptions!$B$5,C112<=Assumptions!$B$6),AND(C112>=Assumptions!$B$7,C112<=Assumptions!$B$8)),"Peak","Off-peak") -> Off-peak | E112: Binagadi | F112: Delivered | H112: 2 | I112: 9 | J112: 6 | K112: 9 | L112: 2 | M112: 10 | N112: =IF(F112="Delivered",SUM(H112:M112),"") -> 38 | O112: 4 | P112: None | Q112: =IF(F112="Delivered",IF(N112>Assumptions!$B$4,"Yes","No"),"") -> No
A113: ORD-0112 | B113: 46284 | C113: 14 | D113: =IF(OR(AND(C113>=Assumptions!$B$5,C113<=Assumptions!$B$6),AND(C113>=Assumptions!$B$7,C113<=Assumptions!$B$8)),"Peak","Off-peak") -> Off-peak | E113: Khatai | F113: Delivered | H113: 1 | I113: 12 | J113: 2 | K113: 5 | L113: 2 | M113: 6 | N113: =IF(F113="Delivered",SUM(H113:M113),"") -> 28 | O113: 5 | P113: None | Q113: =IF(F113="Delivered",IF(N113>Assumptions!$B$4,"Yes","No"),"") -> No
A114: ORD-0113 | B114: 46284 | C114: 15 | D114: =IF(OR(AND(C114>=Assumptions!$B$5,C114<=Assumptions!$B$6),AND(C114>=Assumptions!$B$7,C114<=Assumptions!$B$8)),"Peak","Off-peak") -> Off-peak | E114: Nizami | F114: Delivered | H114: 2 | I114: 9 | J114: 5 | K114: 7 | L114: 4 | M114: 12 | N114: =IF(F114="Delivered",SUM(H114:M114),"") -> 39 | O114: 3 | P114: None | Q114: =IF(F114="Delivered",IF(N114>Assumptions!$B$4,"Yes","No"),"") -> No
A115: ORD-0114 | B115: 46284 | C115: 15 | D115: =IF(OR(AND(C115>=Assumptions!$B$5,C115<=Assumptions!$B$6),AND(C115>=Assumptions!$B$7,C115<=Assumptions!$B$8)),"Peak","Off-peak") -> Off-peak | E115: Khatai | F115: Delivered | H115: 1 | I115: 6 | J115: 2 | K115: 11 | L115: 4 | M115: 7 | N115: =IF(F115="Delivered",SUM(H115:M115),"") -> 31 | O115: 4 | P115: None | Q115: =IF(F115="Delivered",IF(N115>Assumptions!$B$4,"Yes","No"),"") -> No
A116: ORD-0115 | B116: 46284 | C116: 16 | D116: =IF(OR(AND(C116>=Assumptions!$B$5,C116<=Assumptions!$B$6),AND(C116>=Assumptions!$B$7,C116<=Assumptions!$B$8)),"Peak","Off-peak") -> Off-peak | E116: Nasimi | F116: Delivered | H116: 2 | I116: 8 | J116: 2 | K116: 4 | L116: 2 | M116: 8 | N116: =IF(F116="Delivered",SUM(H116:M116),"") -> 26 | O116: 5 | P116: None | Q116: =IF(F116="Delivered",IF(N116>Assumptions!$B$4,"Yes","No"),"") -> No
A117: ORD-0116 | B117: 46284 | C117: 17 | D117: =IF(OR(AND(C117>=Assumptions!$B$5,C117<=Assumptions!$B$6),AND(C117>=Assumptions!$B$7,C117<=Assumptions!$B$8)),"Peak","Off-peak") -> Off-peak | E117: Narimanov | F117: Delivered | H117: 1 | I117: 15 | J117: 2 | K117: 5 | L117: 2 | M117: 5 | N117: =IF(F117="Delivered",SUM(H117:M117),"") -> 30 | O117: 4 | P117: None | Q117: =IF(F117="Delivered",IF(N117>Assumptions!$B$4,"Yes","No"),"") -> No
A118: ORD-0117 | B118: 46284 | C118: 17 | D118: =IF(OR(AND(C118>=Assumptions!$B$5,C118<=Assumptions!$B$6),AND(C118>=Assumptions!$B$7,C118<=Assumptions!$B$8)),"Peak","Off-peak") -> Off-peak | E118: Narimanov | F118: Delivered | H118: 2 | I118: 13 | J118: 6 | K118: 4 | L118: 1 | M118: 6 | N118: =IF(F118="Delivered",SUM(H118:M118),"") -> 32 | O118: 5 | P118: None | Q118: =IF(F118="Delivered",IF(N118>Assumptions!$B$4,"Yes","No"),"") -> No
A119: ORD-0118 | B119: 46284 | C119: 18 | D119: =IF(OR(AND(C119>=Assumptions!$B$5,C119<=Assumptions!$B$6),AND(C119>=Assumptions!$B$7,C119<=Assumptions!$B$8)),"Peak","Off-peak") -> Off-peak | E119: Yasamal | F119: Delivered | H119: 1 | I119: 15 | J119: 4 | K119: 5 | L119: 2 | M119: 9 | N119: =IF(F119="Delivered",SUM(H119:M119),"") -> 36 | O119: 4 | P119: None | Q119: =IF(F119="Delivered",IF(N119>Assumptions!$B$4,"Yes","No"),"") -> No
A120: ORD-0119 | B120: 46284 | C120: 18 | D120: =IF(OR(AND(C120>=Assumptions!$B$5,C120<=Assumptions!$B$6),AND(C120>=Assumptions!$B$7,C120<=Assumptions!$B$8)),"Peak","Off-peak") -> Off-peak | E120: Sabunchu | F120: Delivered | H120: 1 | I120: 18 | J120: 2 | K120: 3 | L120: 2 | M120: 12 | N120: =IF(F120="Delivered",SUM(H120:M120),"") -> 38 | O120: 5 | P120: None | Q120: =IF(F120="Delivered",IF(N120>Assumptions!$B$4,"Yes","No"),"") -> No
A121: ORD-0120 | B121: 46284 | C121: 18 | D121: =IF(OR(AND(C121>=Assumptions!$B$5,C121<=Assumptions!$B$6),AND(C121>=Assumptions!$B$7,C121<=Assumptions!$B$8)),"Peak","Off-peak") -> Off-peak | E121: Binagadi | F121: Delivered | H121: 3 | I121: 19 | J121: 4 | K121: 6 | L121: 2 | M121: 18 | N121: =IF(F121="Delivered",SUM(H121:M121),"") -> 52 | O121: 3 | P121: None | Q121: =IF(F121="Delivered",IF(N121>Assumptions!$B$4,"Yes","No"),"") -> Yes
... A124: ORD-0123 | B124: 46284 | C124: 19 | D124: =IF(OR(AND(C124>=Assumptions!$B$5,C124<=Assumptions!$B$6),AND(C124>=Assumptions!$B$7,C124<=Assumptions!$B$8)),"Peak","Off-peak") -> Peak | E124: Nizami | F124: Delivered | H124: 5 | I124: 27 | J124: 6 | K124: 11 | L124: 4 | M124: 8 | N124: =IF(F124="Delivered",SUM(H124:M124),"") -> 61 | O124: 3 | P124: None | Q124: =IF(F124="Delivered",IF(N124>Assumptions!$B$4,"Yes","No"),"") -> Yes
A125: ORD-0124 | B125: 46284 | C125: 19 | D125: =IF(OR(AND(C125>=Assumptions!$B$5,C125<=Assumptions!$B$6),AND(C125>=Assumptions!$B$7,C125<=Assumptions!$B$8)),"Peak","Off-peak") -> Peak | E125: Nizami | F125: Cancelled | G125: Restaurant did not confirm | N125: =IF(F125="Delivered",SUM(H125:M125),"") | Q125: =IF(F125="Delivered",IF(N125>Assumptions!$B$4,"Yes","No"),"")
A126: ORD-0125 | B126: 46284 | C126: 20 | D126: =IF(OR(AND(C126>=Assumptions!$B$5,C126<=Assumptions!$B$6),AND(C126>=Assumptions!$B$7,C126<=Assumptions!$B$8)),"Peak","Off-peak") -> Peak | E126: Sabunchu | F126: Delivered | H126: 3 | I126: 16 | J126: 7 | K126: 5 | L126: 2 | M126: 11 | N126: =IF(F126="Delivered",SUM(H126:M126),"") -> 44 | O126: 3 | P126: Missing item | Q126: =IF(F126="Delivered",IF(N126>Assumptions!$B$4,"Yes","No"),"") -> No
A127: ORD-0126 | B127: 46284 | C127: 20 | D127: =IF(OR(AND(C127>=Assumptions!$B$5,C127<=Assumptions!$B$6),AND(C127>=Assumptions!$B$7,C127<=Assumptions!$B$8)),"Peak","Off-peak") -> Peak | E127: Khatai | F127: Delivered | H127: 4 | I127: 6 | J127: 9 | K127: 5 | L127: 2 | M127: 6 | N127: =IF(F127="Delivered",SUM(H127:M127),"") -> 32 | O127: 5 | P127: None | Q127: =IF(F127="Delivered",IF(N127>Assumptions!$B$4,"Yes","No"),"") -> No
A128: ORD-0127 | B128: 46284 | C128: 20 | D128: =IF(OR(AND(C128>=Assumptions!$B$5,C128<=Assumptions!$B$6),AND(C128>=Assumptions!$B$7,C128<=Assumptions!$B$8)),"Peak","Off-peak") -> Peak | E128: Narimanov | F128: Delivered | H128: 8 | I128: 4 | J128: 11 | K128: 2 | L128: 4 | M128: 6 | N128: =IF(F128="Delivered",SUM(H128:M128),"") -> 35 | O128: 5 | P128: None | Q128: =IF(F128="Delivered",IF(N128>Assumptions!$B$4,"Yes","No"),"") -> No
A129: ORD-0128 | B129: 46284 | C129: 20 | D129: =IF(OR(AND(C129>=Assumptions!$B$5,C129<=Assumptions!$B$6),AND(C129>=Assumptions!$B$7,C129<=Assumptions!$B$8)),"Peak","Off-peak") -> Peak | E129: Sabunchu | F129: Delivered | H129: 2 | I129: 7 | J129: 7 | K129: 2 | L129: 4 | M129: 7 | N129: =IF(F129="Delivered",SUM(H129:M129),"") -> 29 | O129: 5 | P129: None | Q129: =IF(F129="Delivered",IF(N129>Assumptions!$B$4,"Yes","No"),"") -> No
...

Sheet Assumptions
A1: Assumptions and Notes
A2: Blue cells are inputs. Change them and the Data and Dashboard sheets recalculate.
A3: Parameter | B3: Value | C3: Source / note
A4: SLA threshold (min) | B4: 45 | C4: Assumption: a delivery longer than this counts as an SLA breach
A5: Lunch peak starts (hour) | B5: 12 | C5: business-case.md: peak 12:00-14:00
A6: Lunch peak last hour | B6: 13 | C6: Orders placed from 12:00 to 13:59
A7: Dinner peak starts (hour) | B7: 19 | C7: business-case.md: peak 19:00-22:00
A8: Dinner peak last hour | B8: 21 | C8: Orders placed from 19:00 to 21:59
A9: Target avg delivery time (min) | B9: 34 | C9: Goal G1 in business-case.md
A10: Target cancellation rate | B10: 0.07 | C10: Goal G2 in business-case.md
A11: Target avg customer rating | B11: 4.4 | C11: Goal G3 in business-case.md
A12: Business case baseline: avg delivery time (min) | B12: 41 | C12: Problem statement in business-case.md
A13: Business case baseline: cancellation rate | B13: 0.11 | C13: Problem statement in business-case.md
A14: Business case baseline: avg customer rating | B14: 4.1 | C14: Goal G3 baseline in business-case.md
A17: About the data
A18: All data on the Data sheet is synthetic (randomly generated with a fixed seed) and created for demonstration only.
A19: 300 orders over 14 days (14-27 Sep 2026) for the fictional platform FoodGo in Baku.
A20: The data was calibrated so that the totals match the business case baseline: about 41 min delivery time, 11% cancellations, 4.1 rating.
A21: Delivery time is the sum of six process stages, in the AS-IS order: confirmation, preparation, courier assignment, travel to restaurant, wait at restaurant, travel to customer.
A22: Cancelled orders have no stage times, rating or item issue (cells are empty).
